37510324	48	56	rs429358	SNP	tmVar:rs429358;VariantGroup:1;CorrespondingGene:348;RS#:429358;CorrespondingSpecies:9606
37510324	62	68	rs7412	SNP	tmVar:rs7412;VariantGroup:0;CorrespondingGene:348;RS#:7412;CorrespondingSpecies:9606
37510324	884	892	rs429358	SNP	tmVar:rs429358;VariantGroup:1;CorrespondingGene:348;RS#:429358;CorrespondingSpecies:9606
37510324	902	908	rs7412	SNP	tmVar:rs7412;VariantGroup:0;CorrespondingGene:348;RS#:7412;CorrespondingSpecies:9606
37497655	838	848	rs10490770	SNP	tmVar:rs10490770;VariantGroup:4;CorrespondingGene:54585;RS#:10490770;CorrespondingSpecies:9606
37497655	866	876	rs11385942	SNP	tmVar:rs11385942;VariantGroup:6;CorrespondingGene:54585;RS#:11385942;CorrespondingSpecies:9606
37497655	947	957	rs12785878	SNP	tmVar:rs12785878;VariantGroup:2;CorrespondingGene:55191;RS#:12785878;CorrespondingSpecies:9606
37497655	991	1000	rs1424597	SNP	tmVar:rs1424597;VariantGroup:7;CorrespondingGene:91584;RS#:1424597;CorrespondingSpecies:9606
37497655	1021	1031	rs17713054	SNP	tmVar:rs17713054;VariantGroup:1;RS#:17713054
37497655	1064	1073	rs1800896	SNP	tmVar:rs1800896;VariantGroup:5;CorrespondingGene:3586;RS#:1800896;CorrespondingSpecies:9606
37497655	1139	1148	rs2285666	SNP	tmVar:rs2285666;VariantGroup:3;CorrespondingGene:59272;RS#:2285666;CorrespondingSpecies:9606
37497655	1206	1215	rs6020298	SNP	tmVar:rs6020298;VariantGroup:8;CorrespondingGene:387521;RS#:6020298;CorrespondingSpecies:9606
37497655	1374	1383	rs8178562	SNP	tmVar:rs8178562;VariantGroup:0;CorrespondingGene:3588;RS#:8178562;CorrespondingSpecies:9606
37497655	1628	1638	rs10490770	SNP	tmVar:rs10490770;VariantGroup:4;CorrespondingGene:54585;RS#:10490770;CorrespondingSpecies:9606
37497655	1647	1657	rs11385942	SNP	tmVar:rs11385942;VariantGroup:6;CorrespondingGene:54585;RS#:11385942;CorrespondingSpecies:9606
37497655	1666	1676	rs17713054	SNP	tmVar:rs17713054;VariantGroup:1;RS#:17713054
37497655	1686	1696	rs12785878	SNP	tmVar:rs12785878;VariantGroup:2;CorrespondingGene:55191;RS#:12785878;CorrespondingSpecies:9606
37497655	1705	1714	rs1424597	SNP	tmVar:rs1424597;VariantGroup:7;CorrespondingGene:91584;RS#:1424597;CorrespondingSpecies:9606
37497655	1721	1730	rs1800896	SNP	tmVar:rs1800896;VariantGroup:5;CorrespondingGene:3586;RS#:1800896;CorrespondingSpecies:9606
37497655	1737	1746	rs2285666	SNP	tmVar:rs2285666;VariantGroup:3;CorrespondingGene:59272;RS#:2285666;CorrespondingSpecies:9606
37497655	1754	1763	rs6020298	SNP	tmVar:rs6020298;VariantGroup:8;CorrespondingGene:387521;RS#:6020298;CorrespondingSpecies:9606
37497655	1776	1785	rs8178562	SNP	tmVar:rs8178562;VariantGroup:0;CorrespondingGene:3588;RS#:8178562;CorrespondingSpecies:9606
37108839	8	17	rs1799752	SNP	tmVar:rs1799752;VariantGroup:0;CorrespondingGene:1636;RS#:1799752;CorrespondingSpecies:9606
37108839	251	260	rs1799752	SNP	tmVar:rs1799752;VariantGroup:0;CorrespondingGene:1636;RS#:1799752;CorrespondingSpecies:9606
37108839	625	634	rs1799752	SNP	tmVar:rs1799752;VariantGroup:0;CorrespondingGene:1636;RS#:1799752;CorrespondingSpecies:9606
37108839	1344	1353	rs1799752	SNP	tmVar:rs1799752;VariantGroup:0;CorrespondingGene:1636;RS#:1799752;CorrespondingSpecies:9606
36857178	1129	1139	rs10759931	SNP	tmVar:rs10759931;VariantGroup:0;RS#:10759931
36584771	5	14	rs1799752	SNP	tmVar:rs1799752;VariantGroup:0;CorrespondingGene:1636;RS#:1799752;CorrespondingSpecies:9606
36360172	34	43	rs2285666	SNP	tmVar:rs2285666;VariantGroup:3;CorrespondingGene:59272;RS#:2285666;CorrespondingSpecies:9606
36360172	48	57	rs2074192	SNP	tmVar:rs2074192;VariantGroup:1;CorrespondingGene:59272;RS#:2074192;CorrespondingSpecies:9606
36360172	72	82	rs12329760	SNP	tmVar:rs12329760;VariantGroup:0;CorrespondingGene:7113;RS#:12329760;CorrespondingSpecies:9606
36360172	87	96	rs2070788	SNP	tmVar:rs2070788;VariantGroup:2;CorrespondingGene:7113;RS#:2070788;CorrespondingSpecies:9606
36360172	882	891	rs2285666	SNP	tmVar:rs2285666;VariantGroup:3;CorrespondingGene:59272;RS#:2285666;CorrespondingSpecies:9606
36360172	900	909	rs2074192	SNP	tmVar:rs2074192;VariantGroup:1;CorrespondingGene:59272;RS#:2074192;CorrespondingSpecies:9606
36360172	921	931	rs12329760	SNP	tmVar:rs12329760;VariantGroup:0;CorrespondingGene:7113;RS#:12329760;CorrespondingSpecies:9606
36360172	943	952	rs2070788	SNP	tmVar:rs2070788;VariantGroup:2;CorrespondingGene:7113;RS#:2070788;CorrespondingSpecies:9606
36360172	1470	1479	rs2285666	SNP	tmVar:rs2285666;VariantGroup:3;CorrespondingGene:59272;RS#:2285666;CorrespondingSpecies:9606
36360172	1486	1495	rs2074192	SNP	tmVar:rs2074192;VariantGroup:1;CorrespondingGene:59272;RS#:2074192;CorrespondingSpecies:9606
36360172	1505	1515	rs12329760	SNP	tmVar:rs12329760;VariantGroup:0;CorrespondingGene:7113;RS#:12329760;CorrespondingSpecies:9606
36360172	1528	1537	rs2070788	SNP	tmVar:rs2070788;VariantGroup:2;CorrespondingGene:7113;RS#:2070788;CorrespondingSpecies:9606
36292001	336	344	rs429358	SNP	tmVar:rs429358;VariantGroup:0;CorrespondingGene:348;RS#:429358;CorrespondingSpecies:9606
36292001	349	355	rs7412	SNP	tmVar:rs7412;VariantGroup:1;CorrespondingGene:348;RS#:7412;CorrespondingSpecies:9606
36233516	392	401	rs1800796	SNP	tmVar:rs1800796;VariantGroup:2;CorrespondingGene:3569;RS#:1800796;CorrespondingSpecies:9606
36233516	411	420	rs1800896	SNP	tmVar:rs1800896;VariantGroup:1;CorrespondingGene:3586;RS#:1800896;CorrespondingSpecies:9606
36233516	434	443	rs1800629	SNP	tmVar:rs1800629;VariantGroup:0;CorrespondingGene:7124;RS#:1800629;CorrespondingSpecies:9606
36233516	458	465	rs12252	SNP	tmVar:rs12252;VariantGroup:3;CorrespondingGene:10410;RS#:12252;CorrespondingSpecies:9606
35988778	1564	1573	rs3131294	SNP	tmVar:rs3131294;VariantGroup:1;CorrespondingGene:4855;RS#:3131294;CorrespondingSpecies:9606
35988778	1614	1623	rs8068318	SNP	tmVar:rs8068318;VariantGroup:0;CorrespondingGene:6909;RS#:8068318;CorrespondingSpecies:9606
35923692	1061	1070	rs2106809	SNP	tmVar:rs2106809;VariantGroup:0;CorrespondingGene:59272;RS#:2106809;CorrespondingSpecies:9606
35923692	1274	1283	rs2106809	SNP	tmVar:rs2106809;VariantGroup:0;CorrespondingGene:59272;RS#:2106809;CorrespondingSpecies:9606
35923692	1651	1660	rs2106809	SNP	tmVar:rs2106809;VariantGroup:0;CorrespondingGene:59272;RS#:2106809;CorrespondingSpecies:9606
35923692	1807	1816	rs2106809	SNP	tmVar:rs2106809;VariantGroup:0;CorrespondingGene:59272;RS#:2106809;CorrespondingSpecies:9606
35893072	687	696	rs1799971	SNP	tmVar:rs1799971;VariantGroup:3;CorrespondingGene:4988;RS#:1799971;CorrespondingSpecies:9606
35893072	705	711	rs4680	SNP	tmVar:rs4680;VariantGroup:0;CorrespondingGene:1312;RS#:4680;CorrespondingSpecies:9606
35893072	720	726	rs6265	SNP	tmVar:rs6265;VariantGroup:2;CorrespondingGene:627;RS#:6265;CorrespondingSpecies:9606
35893072	740	746	rs6296	SNP	tmVar:rs6296;VariantGroup:1;CorrespondingGene:3351;RS#:6296;CorrespondingSpecies:9606
